{
"lengthUnit": "mil",
"components": {
	"fields": ["COMPONENT_NO", "COMPONENT_NAME", "LAYER", "X_COORDINATE", "Y_COORDINATE", "ANGLE"],
	"rows": [
		[1, "U1", "T", 800, 2655, 90],
		[2, "U2", "T", 1840, 3125, 90],
		[3, "U3", "T", 1340, 3980, 90],
		[4, "PAD1", "T", 1600, 1550, 0],
		[5, "PAD1", "B", 1600, 1550, 0],
		[6, "PAD2", "T", 1500, 1550, 0],
		[7, "PAD2", "B", 1500, 1550, 0],
		[8, "PAD3", "T", 1700, 1550, 0],
		[9, "PAD3", "B", 1700, 1550, 0]
	]
},
"pins": {
	"fields": ["PIN_NO", "PIN_NAME", "PIN_X", "PIN_Y", "LAYER", "PIN_TYPE", "NET_NAME", "NET_TYPE", "PAD_SHAPE", "PAD_SIZEX", "PAD_SIZEY", "HOLE_SIZE", "PAD_ANGLE"],
	"rows": [
		[1, "U1_1", 800, 2655, "T", "DIP", "U1_4", "", "R", 80, 80, 36, 90],
		[2, "U1_1", 800, 2655, "B", "DIP", "U1_4", "", "R", 80, 80, 36, 90],
		[3, "U1_2", 900, 2655, "T", "DIP", "U3_2", "", "R", 80, 80, 36, 90],
		[4, "U1_2", 900, 2655, "B", "DIP", "U3_2", "", "R", 80, 80, 36, 90],
		[5, "U1_3", 1000, 2655, "T", "DIP", "U1_3", "", "R", 80, 80, 36, 90],
		[6, "U1_3", 1000, 2655, "B", "DIP", "U1_3", "", "R", 80, 80, 36, 90],
		[7, "U1_4", 1100, 2655, "T", "DIP", "N$4058", "", "R", 80, 80, 36, 90],
		[8, "U1_4", 1100, 2655, "B", "DIP", "N$4058", "", "R", 80, 80, 36, 90],
		[9, "U2_1", 1840, 3125, "T", "DIP", "N$4058", "", "R", 80, 80, 36, 90],
		[10, "U2_1", 1840, 3125, "B", "DIP", "N$4058", "", "R", 80, 80, 36, 90],
		[11, "U2_2", 1940, 3125, "T", "DIP", "U3_2", "", "R", 80, 80, 36, 90],
		[12, "U2_2", 1940, 3125, "B", "DIP", "U3_2", "", "R", 80, 80, 36, 90],
		[13, "U2_3", 2040, 3125, "T", "DIP", "U1_3", "", "R", 80, 80, 36, 90],
		[14, "U2_3", 2040, 3125, "B", "DIP", "U1_3", "", "R", 80, 80, 36, 90],
		[15, "U2_4", 2140, 3125, "T", "DIP", "U1_1", "", "R", 80, 80, 36, 90],
		[16, "U2_4", 2140, 3125, "B", "DIP", "U1_1", "", "R", 80, 80, 36, 90],
		[17, "U3_1", 1340, 3980, "T", "DIP", "U1_1", "", "R", 80, 80, 36, 90],
		[18, "U3_1", 1340, 3980, "B", "DIP", "U1_1", "", "R", 80, 80, 36, 90],
		[19, "U3_2", 1440, 3980, "T", "DIP", "U3_2", "", "R", 80, 80, 36, 90],
		[20, "U3_2", 1440, 3980, "B", "DIP", "U3_2", "", "R", 80, 80, 36, 90],
		[21, "U3_3", 1540, 3980, "T", "DIP", "U1_3", "", "R", 80, 80, 36, 90],
		[22, "U3_3", 1540, 3980, "B", "DIP", "U1_3", "", "R", 80, 80, 36, 90],
		[23, "U3_4", 1640, 3980, "T", "DIP", "U2_2", "", "R", 80, 80, 36, 90],
		[24, "U3_4", 1640, 3980, "B", "DIP", "U2_2", "", "R", 80, 80, 36, 90],
		[25, "PAD1_2", 1600, 1550, "T", "DIP", "U1_3", "", "C", 60, 60, 36, 0],
		[26, "PAD1_2", 1600, 1550, "B", "DIP", "U1_3", "", "C", 60, 60, 36, 0],
		[27, "PAD2_3", 1500, 1550, "T", "DIP", "U1_4", "", "C", 60, 60, 36, 0],
		[28, "PAD2_3", 1500, 1550, "B", "DIP", "U1_4", "", "C", 60, 60, 36, 0],
		[29, "PAD3_4", 1700, 1550, "T", "DIP", "U3_2", "", "R", 60, 60, 36, 0],
		[30, "PAD3_4", 1700, 1550, "B", "DIP", "U3_2", "", "R", 60, 60, 36, 0]
	]
}
}