{
"lengthUnit": "mil",
"components": {
	"fields": ["COMPONENT_NO", "COMPONENT_NAME", "LAYER", "X_COORDINATE", "Y_COORDINATE", "ANGLE"],
	"rows": [
		[1, "F", "T", 1540, 2280, 0],
		[2, "P1", "T", 800, 2285, 270],
		[3, "U2", "T", 2400, 3080, 0],
		[4, "U3", "T", 2400, 2480, 0],
		[5, "U4", "T", 2400, 1880, 0]
	]
},
"pins": {
	"fields": ["PIN_NO", "PIN_NAME", "PIN_X", "PIN_Y", "LAYER", "PIN_TYPE", "NET_NAME", "NET_TYPE", "PAD_SHAPE", "PAD_SIZEX", "PAD_SIZEY", "HOLE_SIZE", "PAD_ANGLE"],
	"rows": [
		[1, "F_1", 1150, 3230, "T", "SMD", "U1_1", "", "R", 125.98, 62.99, 0, 0],
		[2, "F_1", 1195, 3230, "T", "DIP", "U1_1", "", "O", 125.98, 62.99, 39.37, 0],
		[3, "F_1", 1195, 3230, "B", "DIP", "U1_1", "", "O", 125.98, 62.99, 39.37, 0],
		[4, "F_2", 1150, 3130, "T", "SMD", "U1_2", "", "R", 125.98, 62.99, 0, 0],
		[5, "F_2", 1195, 3130, "T", "DIP", "U1_2", "", "O", 125.98, 62.99, 39.37, 0],
		[6, "F_2", 1195, 3130, "B", "DIP", "U1_2", "", "O", 125.98, 62.99, 39.37, 0],
		[7, "F_3", 1150, 3030, "T", "SMD", "U1_3", "", "R", 125.98, 62.99, 0, 0],
		[8, "F_3", 1195, 3030, "T", "DIP", "U1_3", "", "O", 125.98, 62.99, 39.37, 0],
		[9, "F_3", 1195, 3030, "B", "DIP", "U1_3", "", "O", 125.98, 62.99, 39.37, 0],
		[10, "F_4", 1150, 2930, "T", "SMD", "U1_4", "", "R", 125.98, 62.99, 0, 0],
		[11, "F_4", 1195, 2930, "T", "DIP", "U1_4", "", "O", 125.98, 62.99, 39.37, 0],
		[12, "F_4", 1195, 2930, "B", "DIP", "U1_4", "", "O", 125.98, 62.99, 39.37, 0],
		[13, "F_5", 1150, 2830, "T", "SMD", "U2_4", "", "R", 125.98, 62.99, 0, 0],
		[14, "F_5", 1195, 2830, "T", "DIP", "U2_4", "", "O", 125.98, 62.99, 39.37, 0],
		[15, "F_5", 1195, 2830, "B", "DIP", "U2_4", "", "O", 125.98, 62.99, 39.37, 0],
		[16, "F_6", 1150, 2730, "T", "SMD", "U1_6", "", "R", 125.98, 62.99, 0, 0],
		[17, "F_6", 1195, 2730, "T", "DIP", "U1_6", "", "O", 125.98, 62.99, 39.37, 0],
		[18, "F_6", 1195, 2730, "B", "DIP", "U1_6", "", "O", 125.98, 62.99, 39.37, 0],
		[19, "F_7", 1150, 2630, "T", "SMD", "U1_7", "", "R", 125.98, 62.99, 0, 0],
		[20, "F_7", 1195, 2630, "T", "DIP", "U1_7", "", "O", 125.98, 62.99, 39.37, 0],
		[21, "F_7", 1195, 2630, "B", "DIP", "U1_7", "", "O", 125.98, 62.99, 39.37, 0],
		[22, "F_8", 1150, 2530, "T", "SMD", "U1_8", "", "R", 125.98, 62.99, 0, 0],
		[23, "F_8", 1195, 2530, "T", "DIP", "U1_8", "", "O", 125.98, 62.99, 39.37, 0],
		[24, "F_8", 1195, 2530, "B", "DIP", "U1_8", "", "O", 125.98, 62.99, 39.37, 0],
		[25, "F_9", 1150, 2430, "T", "SMD", "U1_9", "", "R", 125.98, 62.99, 0, 0],
		[26, "F_9", 1195, 2430, "T", "DIP", "U1_9", "", "O", 125.98, 62.99, 39.37, 0],
		[27, "F_9", 1195, 2430, "B", "DIP", "U1_9", "", "O", 125.98, 62.99, 39.37, 0],
		[28, "F_10", 1150, 2330, "T", "SMD", "U1_10", "", "R", 125.98, 62.99, 0, 0],
		[29, "F_10", 1195, 2330, "T", "DIP", "U1_10", "", "O", 125.98, 62.99, 39.37, 0],
		[30, "F_10", 1195, 2330, "B", "DIP", "U1_10", "", "O", 125.98, 62.99, 39.37, 0],
		[31, "F_11", 1150, 2230, "T", "SMD", "U3_4", "", "R", 125.98, 62.99, 0, 0],
		[32, "F_11", 1195, 2230, "T", "DIP", "U3_4", "", "O", 125.98, 62.99, 39.37, 0],
		[33, "F_11", 1195, 2230, "B", "DIP", "U3_4", "", "O", 125.98, 62.99, 39.37, 0],
		[34, "F_12", 1150, 2130, "T", "SMD", "U1_12", "", "R", 125.98, 62.99, 0, 0],
		[35, "F_12", 1195, 2130, "T", "DIP", "U1_12", "", "O", 125.98, 62.99, 39.37, 0],
		[36, "F_12", 1195, 2130, "B", "DIP", "U1_12", "", "O", 125.98, 62.99, 39.37, 0],
		[37, "F_13", 1150, 2030, "T", "SMD", "U1_13", "", "R", 125.98, 62.99, 0, 0],
		[38, "F_13", 1195, 2030, "T", "DIP", "U1_13", "", "O", 125.98, 62.99, 39.37, 0],
		[39, "F_13", 1195, 2030, "B", "DIP", "U1_13", "", "O", 125.98, 62.99, 39.37, 0],
		[40, "F_14", 1150, 1930, "T", "SMD", "U1_14", "", "R", 125.98, 62.99, 0, 0],
		[41, "F_14", 1195, 1930, "T", "DIP", "U1_14", "", "O", 125.98, 62.99, 39.37, 0],
		[42, "F_14", 1195, 1930, "B", "DIP", "U1_14", "", "O", 125.98, 62.99, 39.37, 0],
		[43, "F_15", 1150, 1830, "T", "SMD", "U1_15", "", "R", 125.98, 62.99, 0, 0],
		[44, "F_15", 1195, 1830, "T", "DIP", "U1_15", "", "O", 125.98, 62.99, 39.37, 0],
		[45, "F_15", 1195, 1830, "B", "DIP", "U1_15", "", "O", 125.98, 62.99, 39.37, 0],
		[46, "F_16", 1150, 1730, "T", "SMD", "U1_16", "", "R", 125.98, 62.99, 0, 0],
		[47, "F_16", 1195, 1730, "T", "DIP", "U1_16", "", "O", 125.98, 62.99, 39.37, 0],
		[48, "F_16", 1195, 1730, "B", "DIP", "U1_16", "", "O", 125.98, 62.99, 39.37, 0],
		[49, "F_17", 1150, 1630, "T", "SMD", "U4_4", "", "R", 125.98, 62.99, 0, 0],
		[50, "F_17", 1195, 1630, "T", "DIP", "U4_4", "", "O", 125.98, 62.99, 39.37, 0],
		[51, "F_17", 1195, 1630, "B", "DIP", "U4_4", "", "O", 125.98, 62.99, 39.37, 0],
		[52, "F_18", 1150, 1530, "T", "SMD", "U1_18", "", "R", 125.98, 62.99, 0, 0],
		[53, "F_18", 1195, 1530, "T", "DIP", "U1_18", "", "O", 125.98, 62.99, 39.37, 0],
		[54, "F_18", 1195, 1530, "B", "DIP", "U1_18", "", "O", 125.98, 62.99, 39.37, 0],
		[55, "F_19", 1150, 1430, "T", "SMD", "U1_19", "", "R", 125.98, 62.99, 0, 0],
		[56, "F_19", 1195, 1430, "T", "DIP", "U1_19", "", "O", 125.98, 62.99, 39.37, 0],
		[57, "F_19", 1195, 1430, "B", "DIP", "U1_19", "", "O", 125.98, 62.99, 39.37, 0],
		[58, "F_20", 1150, 1330, "T", "SMD", "U1_20", "", "R", 125.98, 62.99, 0, 0],
		[59, "F_20", 1195, 1330, "T", "DIP", "U1_20", "", "O", 125.98, 62.99, 39.37, 0],
		[60, "F_20", 1195, 1330, "B", "DIP", "U1_20", "", "O", 125.98, 62.99, 39.37, 0],
		[61, "F_21", 1940, 1330, "T", "SMD", "U1_21", "", "R", 125.98, 62.99, 0, 0],
		[62, "F_21", 1895, 1330, "T", "DIP", "U1_21", "", "O", 125.98, 62.99, 39.37, 0],
		[63, "F_21", 1895, 1330, "B", "DIP", "U1_21", "", "O", 125.98, 62.99, 39.37, 0],
		[64, "F_22", 1940, 1430, "T", "SMD", "U1_22", "", "R", 125.98, 62.99, 0, 0],
		[65, "F_22", 1895, 1430, "T", "DIP", "U1_22", "", "O", 125.98, 62.99, 39.37, 0],
		[66, "F_22", 1895, 1430, "B", "DIP", "U1_22", "", "O", 125.98, 62.99, 39.37, 0],
		[67, "F_23", 1940, 1530, "T", "SMD", "U1_23", "", "R", 125.98, 62.99, 0, 0],
		[68, "F_23", 1895, 1530, "T", "DIP", "U1_23", "", "O", 125.98, 62.99, 39.37, 0],
		[69, "F_23", 1895, 1530, "B", "DIP", "U1_23", "", "O", 125.98, 62.99, 39.37, 0],
		[70, "F_24", 1940, 1630, "T", "SMD", "U1_24", "", "R", 125.98, 62.99, 0, 0],
		[71, "F_24", 1895, 1630, "T", "DIP", "U1_24", "", "O", 125.98, 62.99, 39.37, 0],
		[72, "F_24", 1895, 1630, "B", "DIP", "U1_24", "", "O", 125.98, 62.99, 39.37, 0],
		[73, "F_25", 1940, 1730, "T", "SMD", "U1_25", "", "R", 125.98, 62.99, 0, 0],
		[74, "F_25", 1895, 1730, "T", "DIP", "U1_25", "", "O", 125.98, 62.99, 39.37, 0],
		[75, "F_25", 1895, 1730, "B", "DIP", "U1_25", "", "O", 125.98, 62.99, 39.37, 0],
		[76, "F_26", 1940, 1830, "T", "SMD", "U1_26", "", "R", 125.98, 62.99, 0, 0],
		[77, "F_26", 1895, 1830, "T", "DIP", "U1_26", "", "O", 125.98, 62.99, 39.37, 0],
		[78, "F_26", 1895, 1830, "B", "DIP", "U1_26", "", "O", 125.98, 62.99, 39.37, 0],
		[79, "F_27", 1940, 1930, "T", "SMD", "U1_27", "", "R", 125.98, 62.99, 0, 0],
		[80, "F_27", 1895, 1930, "T", "DIP", "U1_27", "", "O", 125.98, 62.99, 39.37, 0],
		[81, "F_27", 1895, 1930, "B", "DIP", "U1_27", "", "O", 125.98, 62.99, 39.37, 0],
		[82, "F_28", 1940, 2030, "T", "SMD", "U1_28", "", "R", 125.98, 62.99, 0, 0],
		[83, "F_28", 1895, 2030, "T", "DIP", "U1_28", "", "O", 125.98, 62.99, 39.37, 0],
		[84, "F_28", 1895, 2030, "B", "DIP", "U1_28", "", "O", 125.98, 62.99, 39.37, 0],
		[85, "F_29", 1940, 2130, "T", "SMD", "U1_29", "", "R", 125.98, 62.99, 0, 0],
		[86, "F_29", 1895, 2130, "T", "DIP", "U1_29", "", "O", 125.98, 62.99, 39.37, 0],
		[87, "F_29", 1895, 2130, "B", "DIP", "U1_29", "", "O", 125.98, 62.99, 39.37, 0],
		[88, "F_30", 1940, 2230, "T", "SMD", "U1_30", "", "R", 125.98, 62.99, 0, 0],
		[89, "F_30", 1895, 2230, "T", "DIP", "U1_30", "", "O", 125.98, 62.99, 39.37, 0],
		[90, "F_30", 1895, 2230, "B", "DIP", "U1_30", "", "O", 125.98, 62.99, 39.37, 0],
		[91, "F_31", 1940, 2330, "T", "SMD", "U1_31", "", "R", 125.98, 62.99, 0, 0],
		[92, "F_31", 1895, 2330, "T", "DIP", "U1_31", "", "O", 125.98, 62.99, 39.37, 0],
		[93, "F_31", 1895, 2330, "B", "DIP", "U1_31", "", "O", 125.98, 62.99, 39.37, 0],
		[94, "F_32", 1940, 2430, "T", "SMD", "U1_32", "", "R", 125.98, 62.99, 0, 0],
		[95, "F_32", 1895, 2430, "T", "DIP", "U1_32", "", "O", 125.98, 62.99, 39.37, 0],
		[96, "F_32", 1895, 2430, "B", "DIP", "U1_32", "", "O", 125.98, 62.99, 39.37, 0],
		[97, "F_33", 1940, 2530, "T", "SMD", "U1_33", "", "R", 125.98, 62.99, 0, 0],
		[98, "F_33", 1895, 2530, "T", "DIP", "U1_33", "", "O", 125.98, 62.99, 39.37, 0],
		[99, "F_33", 1895, 2530, "B", "DIP", "U1_33", "", "O", 125.98, 62.99, 39.37, 0],
		[100, "F_34", 1940, 2630, "T", "SMD", "U1_34", "", "R", 125.98, 62.99, 0, 0],
		[101, "F_34", 1895, 2630, "T", "DIP", "U1_34", "", "O", 125.98, 62.99, 39.37, 0],
		[102, "F_34", 1895, 2630, "B", "DIP", "U1_34", "", "O", 125.98, 62.99, 39.37, 0],
		[103, "F_35", 1940, 2730, "T", "SMD", "U1_35", "", "R", 125.98, 62.99, 0, 0],
		[104, "F_35", 1895, 2730, "T", "DIP", "U1_35", "", "O", 125.98, 62.99, 39.37, 0],
		[105, "F_35", 1895, 2730, "B", "DIP", "U1_35", "", "O", 125.98, 62.99, 39.37, 0],
		[106, "F_36", 1940, 2830, "T", "SMD", "U1_36", "", "R", 125.98, 62.99, 0, 0],
		[107, "F_36", 1895, 2830, "T", "DIP", "U1_36", "", "O", 125.98, 62.99, 39.37, 0],
		[108, "F_36", 1895, 2830, "B", "DIP", "U1_36", "", "O", 125.98, 62.99, 39.37, 0],
		[109, "F_37", 1940, 2930, "T", "SMD", "U1_37", "", "R", 125.98, 62.99, 0, 0],
		[110, "F_37", 1895, 2930, "T", "DIP", "U1_37", "", "O", 125.98, 62.99, 39.37, 0],
		[111, "F_37", 1895, 2930, "B", "DIP", "U1_37", "", "O", 125.98, 62.99, 39.37, 0],
		[112, "F_38", 1940, 3030, "T", "SMD", "U1_38", "", "R", 125.98, 62.99, 0, 0],
		[113, "F_38", 1895, 3030, "T", "DIP", "U1_38", "", "O", 125.98, 62.99, 39.37, 0],
		[114, "F_38", 1895, 3030, "B", "DIP", "U1_38", "", "O", 125.98, 62.99, 39.37, 0],
		[115, "F_39", 1940, 3130, "T", "SMD", "U1_39", "", "R", 125.98, 62.99, 0, 0],
		[116, "F_39", 1895, 3130, "T", "DIP", "U1_39", "", "O", 125.98, 62.99, 39.37, 0],
		[117, "F_39", 1895, 3130, "B", "DIP", "U1_39", "", "O", 125.98, 62.99, 39.37, 0],
		[118, "F_40", 1940, 3230, "T", "SMD", "U2_1", "", "R", 125.98, 62.99, 0, 0],
		[119, "F_40", 1895, 3230, "T", "DIP", "U2_1", "", "O", 125.98, 62.99, 39.37, 0],
		[120, "F_40", 1895, 3230, "B", "DIP", "U2_1", "", "O", 125.98, 62.99, 39.37, 0],
		[121, "P1_1", 800, 2385, "T", "DIP", "U2_1", "", "R", 62, 62, 40.16, 270],
		[122, "P1_1", 800, 2385, "B", "DIP", "U2_1", "", "R", 62, 62, 40.16, 270],
		[123, "P1_2", 800, 2285, "T", "DIP", "U1_23", "", "C", 62, 62, 40.16, 270],
		[124, "P1_2", 800, 2285, "B", "DIP", "U1_23", "", "C", 62, 62, 40.16, 270],
		[125, "P1_3", 800, 2185, "T", "DIP", "U1_4", "", "C", 62, 62, 40.16, 270],
		[126, "P1_3", 800, 2185, "B", "DIP", "U1_4", "", "C", 62, 62, 40.16, 270],
		[127, "U2_1", 2400, 3080, "T", "DIP", "U2_1", "", "C", 60, 60, 39.37, 0],
		[128, "U2_1", 2400, 3080, "B", "DIP", "U2_1", "", "C", 60, 60, 39.37, 0],
		[129, "U2_2", 2872.44, 3080, "T", "DIP", "U2_2", "", "C", 60, 60, 39.37, 0],
		[130, "U2_2", 2872.44, 3080, "B", "DIP", "U2_2", "", "C", 60, 60, 39.37, 0],
		[131, "U2_3", 2872.44, 2863.46, "T", "DIP", "U2_3", "", "C", 60, 60, 39.37, 0],
		[132, "U2_3", 2872.44, 2863.46, "B", "DIP", "U2_3", "", "C", 60, 60, 39.37, 0],
		[133, "U2_4", 2400, 2863.46, "T", "DIP", "U2_4", "", "C", 60, 60, 39.37, 0],
		[134, "U2_4", 2400, 2863.46, "B", "DIP", "U2_4", "", "C", 60, 60, 39.37, 0],
		[135, "U3_1", 2400, 2480, "T", "DIP", "U2_1", "", "C", 60, 60, 39.37, 0],
		[136, "U3_1", 2400, 2480, "B", "DIP", "U2_1", "", "C", 60, 60, 39.37, 0],
		[137, "U3_2", 2872.44, 2480, "T", "DIP", "U3_2", "", "C", 60, 60, 39.37, 0],
		[138, "U3_2", 2872.44, 2480, "B", "DIP", "U3_2", "", "C", 60, 60, 39.37, 0],
		[139, "U3_3", 2872.44, 2263.46, "T", "DIP", "U3_3", "", "C", 60, 60, 39.37, 0],
		[140, "U3_3", 2872.44, 2263.46, "B", "DIP", "U3_3", "", "C", 60, 60, 39.37, 0],
		[141, "U3_4", 2400, 2263.46, "T", "DIP", "U3_4", "", "C", 60, 60, 39.37, 0],
		[142, "U3_4", 2400, 2263.46, "B", "DIP", "U3_4", "", "C", 60, 60, 39.37, 0],
		[143, "U4_1", 2400, 1880, "T", "DIP", "U2_1", "", "C", 60, 60, 39.37, 0],
		[144, "U4_1", 2400, 1880, "B", "DIP", "U2_1", "", "C", 60, 60, 39.37, 0],
		[145, "U4_2", 2872.44, 1880, "T", "DIP", "U4_2", "", "C", 60, 60, 39.37, 0],
		[146, "U4_2", 2872.44, 1880, "B", "DIP", "U4_2", "", "C", 60, 60, 39.37, 0],
		[147, "U4_3", 2872.44, 1663.46, "T", "DIP", "U4_3", "", "C", 60, 60, 39.37, 0],
		[148, "U4_3", 2872.44, 1663.46, "B", "DIP", "U4_3", "", "C", 60, 60, 39.37, 0],
		[149, "U4_4", 2400, 1663.46, "T", "DIP", "U4_4", "", "C", 60, 60, 39.37, 0],
		[150, "U4_4", 2400, 1663.46, "B", "DIP", "U4_4", "", "C", 60, 60, 39.37, 0]
	]
}
}